kappa,max_error_code,max_error_expected,difference,passes_tolerance
0.0,1.9139609690292565,1.9,0.013960969029256587,True
0.1,1.9011562111871496,1.6,0.3011562111871495,True
1.0,5.0160302807280175,0.9,4.116030280728017,False
2.0,1.1200404902345475,1.1,0.02004049023454746,True
5.0,1.223533394207274,1.2,0.02353339420727396,True
50.0,2.155077893124412,2.2,-0.044922106875588064,True
